{
  "region3": {
    "access_ratio": 0.025466666666666665,
    "array_load_ratio": 0.0,
    "array_store_ratio": 0.2,
    "array_stride_ratios": {
      "0": 1.0
    }
  },
  "region4": {
    "access_ratio": 0.019273333333333333,
    "array_load_ratio": 0,
    "array_store_ratio": 0.19993081978554134,
    "array_stride_ratios": {
      "0": 1.0
    }
  },
  "region0": {
    "access_ratio": 0.01638,
    "array_load_ratio": 0.15205535205535203,
    "array_store_ratio": 0.2,
    "array_stride_ratios": {
      "-2": 0.003468208092485549,
      "-1": 0.0011560693641618498,
      "0": 0.8254335260115607,
      "1": 0.16878612716763006,
      "2": 0.0011560693641618498
    }
  },
  "region2": {
    "access_ratio": 0.026013333333333333,
    "array_load_ratio": 0.1519989748846745,
    "array_store_ratio": 0.2,
    "array_stride_ratios": {
      "-1": 0.09501274117218785,
      "0": 0.5052784856206771,
      "1": 0.39970877320713505
    }
  },
  "region1": {
    "access_ratio": 0.03259,
    "array_load_ratio": 0.6471923903037742,
    "array_store_ratio": 0.2,
    "array_stride_ratios": {
      "-31": 0.009054690329590729,
      "-30": 0.0021731256791017745,
      "-29": 0.0006036460219727152,
      "-28": 0.006881564650488953,
      "-27": 0.0032596885186526622,
      "-26": 0.0020523964747072316,
      "-25": 0.00398406374501992,
      "-24": 0.003138959314258119,
      "-23": 0.002897500905469033,
      "-22": 0.003501146927441748,
      "-21": 0.0020523964747072316,
      "-20": 0.003018230109863576,
      "-19": 0.0032596885186526622,
      "-18": 0.002293854883496318,
      "-17": 0.0007243752263672582,
      "-16": 0.005915731015332609,
      "-15": 0.0006036460219727152,
      "-14": 0.0015694796571290594,
      "-13": 0.0007243752263672582,
      "-12": 0.003501146927441748,
      "-11": 0.0013280212483399733,
      "-10": 0.0095376071471689,
      "-9": 0.009175419533985272,
      "-8": 0.003621876131836291,
      "-7": 0.030785947120608476,
      "-6": 0.015332608958106966,
      "-5": 0.03054448871181939,
      "-4": 0.04273813835566823,
      "-3": 0.054207412773149825,
      "-2": 0.06978148014004587,
      "-1": 0.047929494144633586,
      "0": 0.22564288301340094,
      "1": 0.07424846070264397,
      "2": 0.08704575636846554,
      "3": 0.04442834721719184,
      "4": 0.05686345526982977,
      "5": 0.022938548834963178,
      "6": 0.0095376071471689,
      "7": 0.017264276228419653,
      "8": 0.01666063020644694,
      "9": 0.003501146927441748,
      "10": 0.005795001810938066,
      "11": 0.0008451044307618013,
      "12": 0.0026560424966799467,
      "13": 0.00024145840878908608,
      "14": 0.00024145840878908608,
      "15": 0.00012072920439454304,
      "16": 0.0065193770373053244,
      "17": 0.0013280212483399733,
      "18": 0.0016902088615236026,
      "19": 0.004225522153809006,
      "20": 0.004587709766992636,
      "21": 0.002293854883496318,
      "22": 0.004587709766992636,
      "23": 0.003018230109863576,
      "24": 0.00398406374501992,
      "25": 0.003018230109863576,
      "26": 0.0018109380659181455,
      "27": 0.003380417723047205,
      "28": 0.0051913557889653504,
      "29": 0.0006036460219727152,
      "30": 0.0014487504527345165,
      "31": 0.008088856694434383
    }
  },
  "region5": {
    "access_ratio": 0.8802766666666667,
    "array_load_ratio": 1.5146753103989496e-06,
    "array_store_ratio": 0.2,
    "array_stride_ratios": {
      "0": 1.0
    }
  }
}
